{"cameraMode":{"drawMode":0,"name":"Shaded","section":"Shading Mode"},"sceneLighting":false,"audioPlay":false,"sceneViewState":{"showFog":true,"showMaterialUpdate":false,"showSkybox":false,"showFlares":true,"showImageEffects":true,"showParticleSystems":true},"in2DMode":false,"pivot":{"x":-0.39537057280540469,"y":0.4793374538421631,"z":-7.257268905639648},"rotation":{"x":-0.06575606018304825,"y":0.9340746998786926,"z":-0.2573162615299225,"w":-0.23870693147182465},"size":1.1944615840911866,"orthographic":false}