{"cameraMode":{"drawMode":0,"name":"Shaded","section":"Shading Mode"},"sceneLighting":false,"audioPlay":false,"sceneViewState":{"showFog":true,"showMaterialUpdate":false,"showSkybox":false,"showFlares":true,"showImageEffects":true,"showParticleSystems":true},"in2DMode":false,"pivot":{"x":-0.0013902336359024048,"y":0.005696050822734833,"z":0.07662083208560944},"rotation":{"x":-0.020952092483639718,"y":0.9708203077316284,"z":-0.09232057631015778,"w":-0.2203584909439087},"size":0.568448543548584,"orthographic":false}