{"cameraMode":{"drawMode":0,"name":"Shaded","section":"Shading Mode"},"sceneLighting":false,"audioPlay":false,"sceneViewState":{"showFog":true,"showMaterialUpdate":false,"showSkybox":false,"showFlares":true,"showImageEffects":true,"showParticleSystems":true},"in2DMode":false,"pivot":{"x":-0.0006885025650262833,"y":0.013598687946796418,"z":0.07535386085510254},"rotation":{"x":0.03155931830406189,"y":-0.8591242432594299,"z":0.053448114544153216,"w":0.5080485939979553},"size":0.4189506471157074,"orthographic":false}