{"cameraMode":{"drawMode":0,"name":"Shaded","section":"Shading Mode"},"sceneLighting":true,"audioPlay":false,"sceneViewState":{"showFog":true,"showMaterialUpdate":false,"showSkybox":true,"showFlares":true,"showImageEffects":true,"showParticleSystems":true},"in2DMode":false,"pivot":{"x":-23.83341407775879,"y":-14.452800750732422,"z":-34.26001739501953},"rotation":{"x":-0.21074330806732179,"y":0.6847124099731445,"z":-0.21767427027225495,"w":-0.662879228591919},"size":23.878211975097658,"orthographic":false}