{"cameraMode":{"drawMode":0,"name":"Shaded","section":"Shading Mode"},"sceneLighting":true,"audioPlay":false,"sceneViewState":{"showFog":true,"showMaterialUpdate":false,"showSkybox":true,"showFlares":true,"showImageEffects":true,"showParticleSystems":true},"in2DMode":false,"pivot":{"x":-28.9295654296875,"y":6.163562774658203,"z":8.993982315063477},"rotation":{"x":-0.11484713107347489,"y":0.7281913757324219,"z":-0.1259809285402298,"w":-0.6638351082801819},"size":67.37609100341797,"orthographic":false}